TZ,3921.173667907715,646.6055755615234,4002.545524597168,723.8803863525391
FZ,3436.6404724121094,665.2150840759277,3517.783233642578,742.6581726074219
LW,3871.223663330078,875.9429931640625,3955.2494049072266,950.0950469970703
GB,3634.4546508789062,588.8581962585449,3715.514862060547,665.6480255126953
LD,3829.321319580078,499.89353942871094,3909.0589904785156,577.8961563110352
F,3884.3932342529297,724.0164909362793,3966.1717681884766,800.0196228027344
GE,3631.6585235595703,514.4639053344727,3712.4248809814453,591.1550674438477
FW,4063.9131965637207,641.6450347900391,4142.670166015625,719.0133209228516
FU,4005.140048980713,945.1826858520508,4087.182342529297,1019.1382141113281
FZ,3522.4502563476562,661.2238998413086,3598.821487426758,740.0289077758789
FX,4155.5224609375,789.7539825439453,4233.427886962891,866.9545135498047
GB,2997.22953414917,527.9533538818359,3072.613525390625,607.6674652099609
FU,4254.559421539307,927.9087791442871,4332.654159545898,1004.7033538818359
GE,3227.9154319763184,524.7630996704102,3306.9693450927734,600.5071334838867
FM,80.47885131835938,67.3853530883789,158.72389221191406,143.89505004882812
FZ,4003.840003967285,721.0550994873047,4082.223075866699,797.4196472167969
GP,3672.0894470214844,364.2053985595703,3749.672653198242,441.3337860107422
FS,3877.7293701171875,801.254753112793,3957.123565673828,876.5359191894531
FU,4096.416484832764,941.1551246643066,4176.817077636719,1015.4041137695312
FZ,3842.6883697509766,654.0059051513672,3920.7884063720703,730.3181533813477
FO,3911.571464538574,426.8114318847656,3992.174530029297,500.6590881347656
GD,2836.803195953369,464.3612365722656,2915.265106201172,540.0576171875
FW,4117.3834800720215,866.6109771728516,4197.836700439453,940.3977813720703
F,3416.1818923950195,743.0178489685059,3492.3303833007812,820.9219665527344
GB,3909.203628540039,499.93579483032227,3986.474319458008,576.4414672851562
LR,1361.5837364196777,725.8110656738281,1443.4034271240234,797.7370147705078
FU,2825.408100128174,385.2781066894531,2901.0682983398438,462.89024353027344
FX,3035.5232696533203,827.3916893005371,3113.005813598633,903.1126403808594
GP,3796.6252365112305,582.6335678100586,3873.3930740356445,658.8484878540039
GD,3070.245403289795,459.1665229797363,3147.5008392333984,534.830322265625
FX,3971.6857376098633,800.0,4049.7154235839844,874.8350677490234
GD,2328.9888916015625,480.5161895751953,2404.4613647460938,557.809814453125
GD,3409.1992149353027,446.66472244262695,3487.0588989257812,521.4392852783203
FT,4153.411407470703,1012.7791748046875,4232.836196899414,1086.034423828125
FA,3225.683696746826,964.5159149169922,3303.4725494384766,1039.3082733154297
XZ,3647.7793464660645,736.553539276123,3726.8246307373047,810.1475219726562
WO,2575.5271606445312,398.56053924560547,2651.4197311401367,475.20263671875
LX,977.317440032959,594.5401153564453,1057.4365234375,667.0935211181641
GA,3253.38773727417,597.2341957092285,3330.860061645508,672.2574920654297
RW,3342.7637977600098,891.1479949951172,3420.0720825195312,966.1055297851562
WM,3050.324535369873,384.6013946533203,3126.067596435547,461.0970153808594
GB,2101.612781524658,421.60718154907227,2179.67578125,495.7247314453125
FT,3526.104892730713,1030.4358520507812,3603.615753173828,1105.003890991211
GD,2923.4027557373047,536.0488967895508,2999.3841247558594,612.0509338378906
LS,4082.6703491210938,718.5346832275391,4159.506683349609,793.6705017089844
FU,4072.4308166503906,1017.0896759033203,4151.404205322266,1090.1218719482422
FS,4092.349681854248,1091.5763893127441,4170.974945068359,1164.853988647461
WL,3602.3404693603516,960.0,3679.9896392822266,1034.1163024902344
OB,3555.5241622924805,589.1012306213379,3631.0942611694336,665.2189025878906
GD,3443.609592437744,371.2586898803711,3521.8794860839844,444.7462844848633
FU,3830.910057067871,1021.2300567626953,3907.989990234375,1095.7333679199219
OB,3986.164535522461,569.7477149963379,4063.553512573242,643.6350860595703
PF,3835.4310150146484,949.1359558105469,3913.1361236572266,1022.4176788330078
GZ,2666.1812858581543,472.37298583984375,2741.854995727539,547.5004730224609
FX,4197.382801055908,862.2359580993652,4274.574081420898,935.8858642578125
F,3304.1628227233887,522.5951919555664,3378.722915649414,598.8150253295898
FR,4037.374954223633,869.8810272216797,4115.424743652344,942.6548309326172
GD,2490.715305328369,477.4967498779297,2567.378952026367,551.5648345947266
GX,2264.7891883850098,560.0,2341.6595001220703,633.8502655029297
WA,3115.568130493164,751.3757438659668,3193.095474243164,824.5785980224609
FS,4171.593235015869,1087.3432998657227,4248.87629699707,1160.7764511108398
WP,2774.221881866455,539.8954734802246,2849.0603790283203,615.721435546875
FU,4230.127822875977,1007.9613723754883,4305.27131652832,1083.4608993530273
GD,3126.5056648254395,386.4396057128906,3202.643585205078,460.92494201660156
GD,3486.5830574035645,447.64380645751953,3561.364273071289,523.4642105102539
OB,3402.853286743164,596.4020462036133,3478.855682373047,670.9549942016602
FZ,3596.1891174316406,664.4216117858887,3670.784194946289,740.2693634033203
FX,4176.718448638916,937.3177375793457,4255.3052978515625,1009.2682037353516
GA,2712.108657836914,690.6429176330566,2786.3025817871094,766.8211364746094
PX,3651.601463317871,809.5822677612305,3727.451332092285,884.0169296264648
FX,3113.2312622070312,822.9688720703125,3187.71923828125,898.7225494384766
GB,2407.241180419922,552.8353729248047,2480.6978759765625,629.6115875244141
FX,3566.4355239868164,810.7259063720703,3647.7743911743164,880.0
GB,3892.351303100586,576.6672439575195,3969.7173919677734,649.4951324462891
FU,3787.8524055480957,1098.379165649414,3864.7852630615234,1171.5398559570312
GD,2915.284450531006,464.1339416503906,2990.4522399902344,539.0044860839844
GR,2749.1369018554688,833.3539161682129,2825.3819274902344,907.157958984375
FS,3865.7042198181152,1094.3615798950195,3939.383285522461,1170.7027587890625
FP,2533.347942352295,841.1218376159668,2607.218063354492,917.2458953857422
FS,4015.122116088867,1096.305320739746,4091.1882705688477,1170.1982421875
LG,1586.5058059692383,1200.3659324645996,1668.6519775390625,1268.6407623291016
TA,4057.5529403686523,795.773567199707,4134.311950683594,868.8058776855469
OK,1031.068359375,382.0204963684082,1106.576171875,456.2335510253906
FZ,3186.573959350586,675.0617980957031,3262.185989379883,749.1638488769531
FP,2344.482536315918,406.32421493530273,2419.4438552856445,480.99769592285156
FS,4251.234127044678,1080.7662734985352,4327.097106933594,1154.4629745483398
FW,3958.6480865478516,874.2940216064453,4035.5310821533203,946.9858245849609
FU,3926.317928314209,947.4602966308594,4003.380584716797,1019.8891296386719
PO,2849.0002784729004,540.9775047302246,2924.6598205566406,614.7455596923828
FP,3752.6224975585938,366.0993537902832,3828.1392364501953,439.9278869628906
FR,3814.7308959960938,1174.0305480957031,3889.5486450195312,1248.4490661621094
OB,2490.415107727051,403.1966552734375,2565.291488647461,477.4134521484375
F,3798.5088233947754,805.0149383544922,3873.340347290039,879.2720489501953
FZ,3763.472366333008,659.1932029724121,3839.3055114746094,732.4457550048828
GD,3828.1681365966797,429.6747512817383,3905.216567993164,501.75951385498047
L,3420.206943511963,890.8209800720215,3494.966018676758,965.1113128662109
GA,2511.4925994873047,620.7378234863281,2585.3067016601562,695.8793640136719
FB,2520.9329719543457,772.3847007751465,2594.8881072998047,847.3685302734375
FS,4271.632625579834,1155.6444816589355,4347.265823364258,1228.8482208251953
GX,2334.7033653259277,700.8218727111816,2408.673309326172,775.6673431396484
GM,3031.637741088867,678.3745231628418,3107.298049926758,751.5153503417969
GD,3520.0,372.7222557067871,3591.731979370117,449.6143341064453
FX,3726.9993934631348,809.0609130859375,3801.748001098633,882.8018798828125
LO,802.600025177002,602.9579048156738,879.3870697021484,674.7369232177734
ON,3379.158550262451,521.7802581787109,3455.093063354492,594.3617401123047
MN,1116.8725280761719,383.53858184814453,1191.9744567871094,456.86029052734375
FW,3125.514636993408,897.261116027832,3200.5899963378906,970.5209503173828
FR,3673.392936706543,1179.5312728881836,3748.4388427734375,1252.7285766601562
PF,3801.642192840576,730.9877471923828,3876.5939025878906,804.2679290771484
OA,2880.0,612.4879493713379,2952.60066986084,688.1258392333984
B,2083.99942779541,781.7179183959961,2157.843521118164,856.0640869140625
FT,3155.755126953125,1041.5055389404297,3231.5293579101562,1113.9311218261719
FW,3382.322784423828,966.9300842285156,3459.843635559082,1037.670181274414
MG,83.36504364013672,409.0499801635742,160.21735382080078,480.3570785522461
FS,4355.98796081543,1151.639305114746,4432.584884643555,1223.1736373901367
FS,3965.4370346069336,1170.021110534668,4040.3960037231445,1243.0788955688477
FS,2764.1881065368652,1118.0678253173828,2837.586669921875,1192.622787475586
TZ,3501.0972442626953,738.9825706481934,3575.526107788086,812.4588623046875
GB,3720.2920417785645,587.8891143798828,3797.139389038086,659.0129165649414
FS,3336.827735900879,1108.994155883789,3412.257293701172,1181.4459686279297
FS,3711.2515716552734,1100.0002746582031,3784.882034301758,1174.2106323242188
GD,3367.83833694458,374.17062759399414,3442.0157928466797,447.7442932128906
OG,2488.6355590820312,695.1972999572754,2558.9217681884766,772.8267364501953
FW,3726.1066284179688,735.8324012756348,3801.1800537109375,808.4974212646484
WM,3939.719451904297,1097.4676246643066,4015.625457763672,1169.3292083740234
FS,3414.9690589904785,1108.9682159423828,3490.244583129883,1181.3848571777344
FR,3519.2586517333984,1179.1899375915527,3592.536911010742,1253.56982421875
GM,3027.2657623291016,607.4591827392578,3102.2586059570312,680.1211547851562
O,2065.3432693481445,709.7595062255859,2137.937469482422,784.7882232666016
FO,2419.387149810791,405.5052032470703,2492.4418334960938,480.0438537597656
GD,3590.355110168457,372.14980697631836,3664.1105346679688,445.97772216796875
GA,2942.8616333007812,684.9604377746582,3017.0559844970703,758.2325897216797
FW,2905.94783782959,904.3421516418457,2979.456787109375,978.2763671875
GB,2702.516429901123,543.8480644226074,2775.7940979003906,618.0090637207031
GA,3551.170398712158,519.8908386230469,3626.487808227539,591.9250335693359
FU,3912.691452026367,1020.753360748291,3988.9944915771484,1091.8150634765625
SA,2672.274368286133,401.21287536621094,2744.7647857666016,476.01173400878906
LG,2740.5479316711426,400.0,2817.4907989501953,470.38114166259766
ML,3531.0303382873535,960.0310668945312,3605.3826293945312,1032.8556365966797
RL,875.0525283813477,599.0589141845703,948.9028625488281,672.2977752685547
FZ,1132.7974891662598,662.5556983947754,1207.5112915039062,734.9445648193359
X,2697.1095275878906,904.3857345581055,2769.438674926758,979.1462936401367
LF,1331.2884101867676,864.1816787719727,1406.3912506103516,936.1680908203125
GA,3103.055919647217,604.6057243347168,3175.458206176758,679.2592163085938
FZ,2478.01375579834,551.0849456787109,2552.1303100585938,623.9836883544922
FU,3149.6923065185547,968.850830078125,3222.743698120117,1042.8074188232422
FZ,3723.1159629821777,882.5316314697266,3798.7238159179688,953.9853820800781
FS,4194.044948577881,1160.3608474731445,4269.469268798828,1231.9719924926758
FO,3113.794479370117,678.4250297546387,3187.024185180664,752.1738739013672
FB,3570.7693405151367,888.4552841186523,3646.592613220215,959.651611328125
FW,3298.603530883789,1038.1136932373047,3374.962989807129,1108.7754669189453
FX,3414.007926940918,817.8963470458984,3488.194580078125,890.5924072265625
GA,2736.5790672302246,617.4404296875,2809.3631744384766,691.4206848144531
OF,3147.378433227539,458.4381408691406,3219.796531677246,532.7555084228516
FT,3078.4632835388184,1042.8055267333984,3153.057586669922,1114.9083099365234
MI,631.9401397705078,51.94437026977539,704.0596466064453,126.50285339355469
GA,2663.132369995117,620.2908325195312,2736.7421646118164,693.3356628417969
MD,1200.4523468017578,454.6590576171875,1276.9188079833984,524.9205627441406
FU,3457.0389823913574,960.7007446289062,3529.177047729492,1035.1748046875
RW,3646.489273071289,885.43994140625,3721.695999145508,956.844970703125
GA,2556.248405456543,694.8161849975586,2629.6653442382812,767.9609146118164
F,3496.8541946411133,888.2123565673828,3570.1787109375,961.2512512207031
MI,267.82799530029297,336.88677978515625,341.6456985473633,409.43641662597656
GA,2586.02725982666,620.9771957397461,2658.3120346069336,695.0040893554688
GD,3562.872886657715,447.37854766845703,3637.1719131469727,519.3488082885742
MX,441.0642852783203,126.7229995727539,514.6917572021484,199.32488250732422
FW,3269.4620666503906,892.6224746704102,3343.906982421875,964.3628234863281
FT,2807.5554962158203,614.1735000610352,2879.0281524658203,688.8894958496094
PU,3753.3032760620117,951.9891357421875,3828.533447265625,1022.9451141357422
GU,1276.436050415039,1200.8630752563477,1353.3473052978516,1270.2604370117188
FX,1203.1882247924805,592.227466583252,1275.6986083984375,665.7831878662109
GS,2033.1342391967773,497.8511199951172,2105.0590896606445,571.996826171875
GB,2631.6680908203125,548.6520690917969,2704.7564392089844,621.6121063232422
FZ,3669.1019439697266,663.1589393615723,3742.8538360595703,735.4472808837891
LD,2991.901264190674,461.77288818359375,3066.8517150878906,532.8749847412109
GW,2615.3096885681152,912.3401412963867,2689.5132598876953,984.148796081543
OA,2862.4423332214355,689.6753730773926,2935.2698669433594,762.8323822021484
FB,3713.5773887634277,441.00489044189453,3789.3148498535156,511.3274917602539
FZ,3040.0663108825684,755.7451477050781,3112.595016479492,829.1649169921875
FS,3050.9736862182617,1114.456039428711,3123.593421936035,1187.743881225586
FR,2894.307029724121,831.0873947143555,2966.1479415893555,905.0712051391602
F,3212.391986846924,384.0202331542969,3288.102005004883,454.2099914550781
FU,3675.1060180664062,1027.5892791748047,3748.9987182617188,1099.4915618896484
TZ,2968.4764366149902,759.0579299926758,3041.4886169433594,831.7837905883789
GB,2245.1698455810547,488.06535720825195,2317.8804473876953,561.0821228027344
LX,3491.1010704040527,814.4960594177246,3566.2736206054688,885.109130859375
ON,721.2161827087402,52.433895111083984,795.212646484375,124.14962768554688
LA,1127.6326293945312,594.8798942565918,1202.996353149414,665.2435913085938
FX,2974.2499923706055,392.6875305175781,3047.6549911499023,464.9259490966797
LX,2605.9271697998047,839.5542640686035,2679.9920196533203,911.1334838867188
FZ,3259.081687927246,675.3701782226562,3331.3197631835938,748.7151947021484
LX,2964.8514862060547,832.2949371337891,3038.5438842773438,904.1483612060547
FS,3194.4683227539062,1111.0621337890625,3267.1216888427734,1183.937255859375
ME,142.49835205078125,478.6254119873047,217.53219604492188,549.1775054931641
ME,485.558349609375,469.87548828125,558.7573547363281,542.1739501953125
GA,3330.5097579956055,600.9151649475098,3402.844627380371,674.0705871582031
FX,2581.6653480529785,1051.8184547424316,2654.242477416992,1124.6582489013672
GA,2085.0229148864746,638.5540924072266,2156.4485931396484,712.5669555664062
FS,3265.8960876464844,1109.930778503418,3337.579086303711,1183.5596923828125
RL,152.61756896972656,65.50827026367188,224.52780151367188,138.89910888671875
FX,3989.130744934082,1018.7140197753906,4063.5967407226562,1089.5254516601562
RX,2902.81254196167,393.4922180175781,2975.3436126708984,466.17559814453125
GD,3638.0367736816406,444.15522384643555,3711.3152618408203,516.060546875
LX,2786.149757385254,691.6436233520508,2859.590362548828,763.3749618530273
GD,2763.4054107666016,469.86583709716797,2836.4368438720703,541.9577941894531
FZ,3332.8289642333984,820.7718124389648,3407.2093048095703,891.5366973876953
GA,2408.786563873291,699.5396194458008,2479.821304321289,773.6050109863281
RM,205.85832595825195,124.75524520874023,279.2731170654297,196.39804077148438
FW,3052.2124671936035,901.0479354858398,3125.5741424560547,972.6828765869141
MD,975.8535041809082,458.70044708251953,1048.873550415039,530.5907287597656
PS,2694.6268348693848,1120.0,2767.6707916259766,1191.8524475097656
MS,355.91088485717773,403.68621826171875,427.82899475097656,476.6618194580078
MI,561.7351188659668,56.5371208190918,634.1664581298828,128.99473571777344
FS,3122.235019683838,1114.5223388671875,3196.101776123047,1185.571762084961
GA,2131.0854454040527,566.369743347168,2203.339157104492,638.9891586303711
RN,735.7064666748047,329.4794921875,810.061767578125,399.978271484375
GX,2575.322109222412,475.16648864746094,2647.8444061279297,547.4012145996094
GB,3156.2480125427246,531.476448059082,3229.4502868652344,603.0091171264648
HX,2602.798179626465,767.4036254882812,2675.646308898926,839.1851806640625
FR,2386.2211303710938,1200.559211730957,2459.1371002197266,1272.2723541259766
FS,3564.0922927856445,1105.0873184204102,3636.945671081543,1176.8279724121094
MD,173.55410766601562,547.9630279541016,246.29022979736328,619.7982635498047
TS,3640.972198486328,1102.558219909668,3711.3658294677734,1176.7772216796875
FT,2229.4577026367188,1060.9498825073242,2302.7020568847656,1132.2482376098633
GA,2639.1277770996094,694.7522773742676,2712.1812438964844,766.2268676757812
LX,1280.8560943603516,587.3957061767578,1353.4073486328125,659.348518371582
WR,713.2702407836914,123.41859436035156,788.2157592773438,193.0664520263672
PS,2205.938793182373,1132.8043212890625,2277.8865814208984,1205.337028503418
B,3798.3367042541504,880.29443359375,3871.788543701172,951.30908203125
FT,2652.0972938537598,1050.981201171875,2723.1548614501953,1124.385482788086
FU,3079.6673011779785,968.7247467041016,3152.819381713867,1040.0
FX,2464.053268432617,843.2987251281738,2534.6349029541016,917.1620941162109
FX,2823.579448699951,833.5592422485352,2895.6316833496094,905.9120559692383
GH,3175.800579071045,603.2208137512207,3248.047119140625,675.3755035400391
L,3186.034454345703,821.7402038574219,3257.7985229492188,894.3655471801758
FZ,3338.319835662842,747.0545768737793,3409.3480224609375,820.4012145996094
ZZ,2171.3804893493652,492.0268020629883,2243.5501098632812,564.2039566040039
FT,2070.5780181884766,1132.6483612060547,2142.6830444335938,1204.8657150268555
MP,92.765380859375,273.0283203125,165.397216796875,344.67002868652344
GA,2954.176223754883,612.1943702697754,3026.7139739990234,683.9091186523438
GM,2300.7693786621094,631.7758941650391,2373.375747680664,703.4126739501953
GB,2554.1959381103516,550.6110763549805,2626.3046112060547,622.7161254882812
WP,805.2872352600098,246.94770050048828,877.6105346679688,318.7727279663086
FS,2090.3514862060547,1061.9734992980957,2161.784065246582,1134.630844116211
OB,2338.4329566955566,557.1064910888672,2408.2054595947266,631.4872436523438
FR,3370.514560699463,1178.7840576171875,3442.2213287353516,1251.137924194336
MM,1072.4456672668457,313.8237609863281,1144.4583282470703,385.8481903076172
GD,3071.7962760925293,533.3672332763672,3144.185775756836,604.9971160888672
MP,347.4305419921875,196.64633178710938,418.55541229248047,269.5079803466797
GR,2421.4528617858887,480.4453239440918,2491.8280029296875,553.9986267089844
TW,2078.231803894043,993.2259521484375,2150.3832092285156,1064.9678192138672
FO,2723.675651550293,1050.25341796875,2795.3590240478516,1122.4422607421875
RF,25.333850860595703,481.75389099121094,95.28340148925781,555.6632080078125
FU,3749.8283081054688,1023.9655570983887,3825.065444946289,1092.6349487304688
FB,167.2937240600586,1150.4973182678223,244.64212799072266,1217.267822265625
GO,3454.0413780212402,521.3260726928711,3526.3277435302734,592.7470626831055
FU,2675.8130226135254,766.6096267700195,2747.850341796875,838.1713027954102
W,408.72235107421875,53.05419158935547,479.82264709472656,125.54740142822266
MM,216.33661651611328,201.0902328491211,287.76847076416016,273.20264434814453
FW,3197.5165939331055,893.5093040466309,3269.530487060547,964.9559020996094
MF,963.140193939209,386.7556686401367,1033.7179870605469,459.6549072265625
FS,2555.4221801757812,1125.9014587402344,2628.026123046875,1196.7360534667969
GD,3288.69535446167,382.9517707824707,3363.406723022461,451.67962646484375
FD,2161.0787315368652,1060.933692932129,2231.7616577148438,1133.5684204101562
ML,222.66491317749023,406.9192810058594,293.3036346435547,479.59303283691406
FT,3453.990821838379,1035.2582244873047,3526.1027069091797,1106.4365997314453
FW,2193.835624694824,920.8079299926758,2264.9816513061523,992.9291610717773
FS,2838.7148818969727,1119.6238403320312,2912.279624938965,1189.3710327148438
MF,961.462760925293,245.010986328125,1032.7876663208008,316.91339111328125
MK,999.399787902832,318.2586975097656,1071.398307800293,389.46791076660156
LR,838.4790687561035,739.0823059082031,910.9386901855469,809.8278350830078
LT,1449.055534362793,928.8410911560059,1519.4748229980469,1001.6322479248047
NS,2980.289390563965,905.376350402832,3052.2397384643555,976.5197067260742
FT,1937.3990287780762,785.6334609985352,2007.4007415771484,858.7292785644531
FS,2414.0863494873047,1127.258316040039,2486.208427429199,1198.1947174072266
FZ,2304.977851867676,775.7614517211914,2376.7857971191406,847.0080642700195
FX,3257.2101402282715,820.5034027099609,3328.960220336914,891.7426986694336
MP,485.75316619873047,196.13814544677734,558.6020431518555,266.26085662841797
FZ,3266.3319244384766,749.7240600585938,3337.2813262939453,821.6661376953125
FI,2793.716751098633,979.6869773864746,2865.431167602539,1050.8548431396484
FS,4037.8540534973145,1168.4615287780762,4106.632186889648,1242.6065673828125
LA,2442.123722076416,626.8608474731445,2513.266357421875,698.4945983886719
FA,2749.514045715332,764.3174514770508,2821.5715103149414,835.0126571655273
GB,1998.312889099121,570.8775100708008,2068.569091796875,643.3726501464844
MK,807.9804077148438,327.4527816772461,878.8983154296875,399.1997528076172
FU,2487.126667022705,1125.2653045654297,2558.0299072265625,1196.9962005615234
TF,3194.2346801757812,750.2494049072266,3267.3001098632812,819.8280334472656
MP,422.2096977233887,262.78648376464844,493.5506591796875,333.9623260498047
FX,3888.7809715270996,1169.9782104492188,3960.0806732177734,1241.1604766845703
MX,549.3550109863281,261.0141487121582,620.8414459228516,331.9866943359375
FR,3227.469306945801,1183.7505722045898,3299.7448959350586,1253.941162109375
FS,3491.5052452087402,1107.5491256713867,3563.5343627929688,1177.9152221679688
LL,257.80994415283203,949.0554504394531,329.56627655029297,1019.6694946289062
FT,3680.0,955.9883499145508,3750.420066833496,1027.9023132324219
FU,3009.0487785339355,975.853385925293,3081.0664825439453,1046.1428451538086
TW,2405.4649696350098,915.2058410644531,2477.9611053466797,985.0299072265625
FA,3303.5472831726074,966.2848663330078,3375.3230743408203,1036.803970336914
LF,1621.8358573913574,1057.4468307495117,1691.4980773925781,1130.1052932739258
ME,627.4728622436523,469.0549011230469,699.4785766601562,539.30029296875
GR,2106.166591644287,496.24404525756836,2175.2947845458984,569.3320465087891
TW,2154.8744049072266,992.3733863830566,2228.4171295166016,1061.0195617675781
MI,826.2359504699707,115.4159927368164,897.6597137451172,186.09539031982422
NU,3600.9155807495117,1031.0209503173828,3673.927604675293,1100.1507568359375
FM,629.4568328857422,259.9929389953613,699.3834686279297,332.1484832763672
MD,1172.7308349609375,526.1773948669434,1244.3749084472656,596.5872039794922
XM,2056.5767250061035,922.7953605651855,2128.1266479492188,993.2434387207031
SM,2866.4642639160156,976.755069732666,2937.511520385742,1047.676254272461
GW,698.3295974731445,1208.8717460632324,774.53955078125,1274.9349975585938
LR,602.0125846862793,812.9684562683105,675.2711181640625,881.6822357177734
ST,2304.5939331054688,1058.6934814453125,2375.3850860595703,1129.7758865356445
LU,166.27104949951172,886.781494140625,237.6923065185547,957.2362823486328
OM,2835.737548828125,904.4290428161621,2906.4749298095703,975.5487670898438
FW,2476.5657501220703,916.2063865661621,2548.6619567871094,985.912353515625
LK,199.86621475219727,951.9828796386719,270.7917175292969,1022.8329467773438
F,2231.555564880371,779.2744369506836,2304.3353271484375,848.3178405761719
MA,287.95855712890625,405.84844970703125,356.8457946777344,478.7388610839844
MD,1252.5650939941406,520.8239097595215,1323.318618774414,591.7786865234375
RW,2264.077812194824,919.9062461853027,2335.555351257324,990.1353759765625
FT,2936.498279571533,1046.3632507324219,3008.449981689453,1116.1226196289062
FG,3332.759048461914,674.7598686218262,3404.025131225586,745.1862030029297
MF,697.9547004699707,259.53981018066406,768.1417999267578,330.9579162597656
MO,965.2151031494141,530.3426094055176,1036.7354431152344,600.4014129638672
FO,2381.111015319824,773.5383186340332,2451.975128173828,844.2354278564453
ST,2187.3910217285156,849.5928230285645,2256.0251235961914,922.5791168212891
FT,2865.3690643310547,1047.5601806640625,2936.8763275146484,1117.6080322265625
LS,105.93705368041992,754.9974975585938,177.98931884765625,824.5109252929688
MK,900.3895492553711,388.89552307128906,969.1883316040039,461.6880187988281
LL,1376.175838470459,932.0779724121094,1448.334716796875,1001.4710693359375
GX,1984.9202880859375,854.8342666625977,2054.6538696289062,926.6225051879883
LS,2442.0373916625977,1058.0211868286133,2514.021659851074,1127.4897918701172
MH,424.17271423339844,402.4696617126465,493.8973693847656,474.17185974121094
LX,2979.6161727905273,1116.4910430908203,3050.005569458008,1187.4066619873047
FT,3227.861282348633,1040.4875946044922,3300.2182006835938,1109.4727172851562
LM,2227.8795852661133,636.5841674804688,2298.714324951172,707.0253448486328
OA,1948.1225929260254,644.2680511474609,2017.918228149414,715.7560729980469
FR,3442.669605255127,1180.4544372558594,3515.361572265625,1249.0376739501953
FT,2139.1401901245117,1132.5688209533691,2207.8103256225586,1205.1562042236328
OW,1224.0156745910645,662.2261428833008,1296.1573791503906,731.2951202392578
FL,2514.170295715332,1056.3130187988281,2583.9682235717773,1127.660041809082
MP,715.1013946533203,465.6568069458008,787.5771026611328,534.3641052246094
LG,241.31373596191406,1019.1828193664551,312.26031494140625,1089.3595886230469
FS,2281.0445556640625,1128.3776092529297,2348.687713623047,1201.9813232421875
RX,512.0298194885254,126.2591438293457,582.6588287353516,196.7495880126953
FG,1925.971035003662,996.1401252746582,1997.0494232177734,1066.1234893798828
MO,401.4318428039551,334.1540641784668,470.1584777832031,406.44969177246094
FR,1848.9959335327148,1205.0460624694824,1917.3095397949219,1277.7620697021484
LD,3824.7186431884766,359.57482147216797,3893.027633666992,432.2945327758789
FR,3085.991954803467,1186.3536834716797,3156.732223510742,1256.5550994873047
FX,3745.2135009765625,1175.7495384216309,3814.900146484375,1247.003921508789
FR,2736.1937141418457,1191.7886352539062,2807.568572998047,1261.3125305175781
MK,834.2993087768555,393.73802185058594,903.0043563842773,465.9593505859375
FT,1994.7664413452148,1134.806079864502,2066.938018798828,1203.5395965576172
MI,277.4286804199219,476.3172302246094,348.39422607421875,546.2020874023438
RZ,3573.4301147460938,740.3131637573242,3643.7548065185547,810.8160705566406
GX,1666.2225036621094,1198.6271362304688,1738.4251098632812,1267.2857818603516
LL,1177.6683158874512,936.3010444641113,1249.8019561767578,1005.0249633789062
MD,696.9433975219727,535.7627372741699,766.6685104370117,606.8541412353516
MP,884.5071678161621,180.12343978881836,955.2271423339844,250.14227294921875
FX,2253.394542694092,849.8478088378906,2323.9695587158203,920.0032196044922
FU,2648.4160385131836,981.2283554077148,2720.125373840332,1050.2518844604492
OR,867.4528961181641,1139.1189651489258,937.1371765136719,1210.1292724609375
FX,2119.244861602783,853.2210884094238,2190.041748046875,923.1106872558594
FG,2364.7156143188477,987.9495544433594,2435.884208679199,1057.4245681762695
FT,2794.2565307617188,1050.2373733520508,2865.865768432617,1119.2142944335938
MH,554.7286987304688,401.0013961791992,625.7001342773438,470.55323028564453
LZ,2823.471836090088,763.1178703308105,2894.819839477539,832.2809295654297
MK,133.89294815063477,342.1876678466797,203.81251525878906,412.7600784301758
MR,3591.174789428711,1175.2983283996582,3660.7057342529297,1246.2613677978516
MK,764.9663124084473,397.42559814453125,835.4347534179688,467.44166564941406
MD,622.4193420410156,537.9127006530762,692.4728851318359,608.3094024658203
FX,2397.2260971069336,842.8293952941895,2463.919403076172,916.7703247070312
MZ,84.61662292480469,822.7343788146973,156.57981872558594,891.2360992431641
LT,1206.7742195129395,1067.8977432250977,1277.1369934082031,1137.9370346069336
LF,1114.8214416503906,801.3167915344238,1186.2028198242188,870.3553161621094
AL,3379.040584564209,1038.322036743164,3451.7454681396484,1106.0843048095703
ME,409.8120307922363,471.9522705078125,479.63731384277344,542.4840698242188
FR,2597.476230621338,1195.624267578125,2667.8494262695312,1265.6028137207031
MP,686.717960357666,331.37060165405273,756.3040313720703,402.1179656982422
ML,200.9835548400879,339.88220977783203,270.3178405761719,410.81890869140625
RT,3007.3534622192383,1046.3715286254883,3079.2500076293945,1114.7768859863281
MK,871.3385772705078,321.6788024902344,938.8845062255859,394.486083984375
OX,1467.4468421936035,1201.128360748291,1539.0461883544922,1269.8089599609375
LR,733.3229217529297,806.7812042236328,803.1249465942383,877.216552734375
MP,816.4042358398438,181.29188919067383,886.8727188110352,251.03416442871094
GA,2203.9896926879883,707.314826965332,2271.8106002807617,779.7491760253906
GB,2203.466724395752,564.1796875,2271.960220336914,635.9026336669922
MH,538.1068954467773,331.96824645996094,607.845100402832,402.4093704223633
MH,626.4894638061523,400.89023208618164,696.2947387695312,471.26353454589844
MD,855.3564643859863,464.61849212646484,924.3859710693359,535.7077941894531
PT,1925.4454803466797,1134.9542694091797,1996.2868957519531,1204.1668701171875
LF,1276.2921447753906,1066.6759757995605,1347.0661926269531,1135.9310302734375
FR,1914.305030822754,1206.433967590332,1984.4021301269531,1276.3184509277344
FS,1956.1148643493652,1066.1983337402344,2026.6412048339844,1135.6483306884766
LW,364.8912124633789,681.1593627929688,435.06249237060547,750.9449920654297
GW,1398.7817459106445,1201.7525520324707,1468.579490661621,1271.903091430664
LX,556.9512634277344,611.5116729736328,627.3325958251953,681.0803985595703
LK,573.0216865539551,746.8246765136719,644.6283111572266,815.2022705078125
FR,1784.7706985473633,1203.8445663452148,1853.1907043457031,1275.4024047851562
MK,618.3824768066406,333.6098937988281,688.3893127441406,403.5148391723633
MR,3297.9196243286133,1183.4565048217773,3370.044677734375,1251.3060607910156
OO,678.0818214416504,606.4505920410156,748.9077301025391,675.5436096191406
MX,468.317626953125,331.64151763916016,537.0704345703125,402.8130187988281
FR,2252.08988571167,1200.9143295288086,2321.4641876220703,1271.4416275024414
FR,2808.0903930664062,1189.393196105957,2878.3748321533203,1258.99169921875
ML,829.6512069702148,534.3786849975586,899.5560989379883,604.3244400024414
NG,549.5100479125977,469.1904754638672,617.0638427734375,541.5276031494141
GX,88.49322509765625,953.3771667480469,158.7791748046875,1022.8812255859375
SR,1526.7735748291016,993.9274520874023,1594.7315979003906,1065.7477188110352
MF,178.27294158935547,274.1236572265625,249.19493865966797,342.9193115234375
FM,2937.606269836426,977.7183609008789,3008.0403747558594,1046.986183166504
FX,1917.5395812988281,857.3127059936523,1987.0670471191406,927.3859939575195
FT,1848.3425521850586,1137.6355056762695,1927.3708267211914,1199.2702331542969
MK,12.677906036376953,347.1238479614258,80.26942443847656,419.18445587158203
FS,4105.376312255859,1162.7493324279785,4178.170318603516,1229.6329345703125
LW,430.1327323913574,679.1078262329102,500.21693420410156,748.5570297241211
L,2911.086700439453,1117.4880065917969,2979.5879669189453,1188.5393981933594
FZ,2452.779945373535,774.3426361083984,2522.5957565307617,844.0223083496094
FS,2626.8699264526367,1123.44087600708,2695.545379638672,1194.2501068115234
WX,752.3588409423828,188.59034729003906,820.7628784179688,259.67359924316406
MK,935.3353500366211,319.90724182128906,1002.9519271850586,391.8016357421875
LX,1061.1483345031738,595.9642143249512,1130.0226593017578,666.5450897216797
MA,294.2525978088379,268.1431465148926,361.34019470214844,340.5991516113281
FM,2156.488006591797,781.0552635192871,2227.4501342773438,849.5514831542969
GK,732.0939331054688,1142.4136581420898,803.4212265014648,1210.5461044311523
FM,2328.2095947265625,848.4702606201172,2398.888458251953,917.1904754638672
LR,523.7762603759766,814.1707458496094,593.6761932373047,883.6508483886719
LM,235.26519012451172,885.0043411254883,305.11773681640625,954.4482116699219
LK,861.0243835449219,804.6581878662109,929.39794921875,875.5988464355469
LL,888.0007095336914,874.0218658447266,958.7938995361328,942.5203399658203
WN,2768.137176513672,906.7585525512695,2837.8968353271484,976.2454605102539
FU,2877.5111236572266,1187.9599609375,2948.906005859375,1255.8405456542969
LF,662.1594848632812,1074.0869483947754,733.0088806152344,1142.4861755371094
SM,2066.669158935547,569.5165824890137,2134.7933807373047,640.6374359130859
LF,735.9078369140625,1074.2811546325684,805.1404724121094,1144.2519989013672
LW,497.90784072875977,678.8501319885254,567.0057983398438,748.94580078125
MK,336.01879501342773,335.66082763671875,403.6210479736328,407.2547836303711
LE,1326.874656677246,797.1302947998047,1397.2314834594727,865.8714141845703
MD,116.7008056640625,549.6345825195312,183.91114807128906,621.564208984375
FX,2335.565029144287,918.1100273132324,2404.8052520751953,987.8884124755859
FB,1821.6336708068848,1062.8236770629883,1890.6586456298828,1132.8142471313477
FX,2683.617385864258,838.0389060974121,2752.5921020507812,908.0359649658203
GA,2374.3384132385254,630.0141143798828,2442.84716796875,700.480224609375
GA,2271.219715118408,705.2684936523438,2338.3438262939453,777.0841522216797
FT,3017.461597442627,1185.3784103393555,3086.2819061279297,1255.3589477539062
MH,602.944766998291,191.45926666259766,672.0526885986328,260.97217559814453
LE,2344.56209564209,1131.701644897461,2415.2489166259766,1199.6489562988281
MD,899.1301231384277,534.0274848937988,968.0904846191406,603.6715850830078
MP,357.45738220214844,265.9508857727051,425.1044158935547,336.9396209716797
LA,354.03039169311523,611.3236503601074,421.8691101074219,682.1098175048828
FU,3155.3639183044434,1183.956039428711,3226.809341430664,1251.1659088134766
FU,1913.6403503417969,720.0,1985.8327026367188,786.4701690673828
LM,43.07356643676758,889.8059997558594,112.31297302246094,959.0874633789062
LR,1228.1807899475098,728.4236297607422,1297.5321960449219,797.5916595458984
FW,2373.754463195801,1059.3352966308594,2443.275260925293,1128.3178329467773
FW,2013.846694946289,992.0192794799805,2080.0,1064.4563369750977
MI,1100.0565872192383,529.3102493286133,1170.1929626464844,597.6271133422852
MK,71.31856536865234,341.99632263183594,137.2952880859375,414.6151428222656
FW,1896.5378303527832,926.8864135742188,1965.9969787597656,995.8104858398438
LR,1437.27392578125,794.1428146362305,1506.6694641113281,863.0752868652344
LU,1301.850513458252,659.8514709472656,1369.3443908691406,730.7233734130859
M,421.3728790283203,197.4288444519043,489.2966766357422,267.84617614746094
MM,694.612247467041,399.54261779785156,764.2365570068359,468.22572326660156
FX,2724.6042556762695,979.4768486022949,2793.611015319824,1048.7616271972656
FZ,2899.653579711914,760.8133697509766,2967.6788024902344,831.0784149169922
FU,2228.990119934082,992.1641464233398,2298.786102294922,1060.618278503418
LF,1549.6194305419922,1065.031623840332,1618.8804779052734,1134.0137252807617
IM,1084.4127464294434,735.5279388427734,1154.1312713623047,804.0408554077148
FS,2023.1443099975586,1063.6664085388184,2090.959991455078,1134.0592651367188
MB,765.0267791748047,534.8710403442383,832.1996307373047,605.9193496704102
FR,2525.8504753112793,1197.1404418945312,2596.2723541259766,1264.9051361083984
FO,56.6446418762207,141.44376373291016,124.40803527832031,211.8011474609375
LX,1256.7283210754395,796.0216522216797,1326.7341766357422,864.1165161132812
LH,325.5361633300781,950.1475830078125,393.4271240234375,1020.3545227050781
LM,476.59356689453125,881.1329193115234,545.8624267578125,949.9223327636719
OR,877.9703369140625,668.9775581359863,946.6004486083984,738.401611328125
GA,1997.1939544677734,715.1314315795898,2067.011001586914,783.3575744628906
RS,390.0038299560547,946.3804168701172,457.3586883544922,1017.0968475341797
MD,788.670783996582,464.82630157470703,856.9794311523438,534.5531921386719
RG,1067.6157569885254,664.5305824279785,1135.6932373046875,734.4816131591797
LG,447.67407608032227,946.0824737548828,516.1215667724609,1015.6020355224609
MN,589.1516075134277,128.2920265197754,658.3699188232422,197.0326690673828
ME,347.0862045288086,472.24971771240234,414.7540969848633,542.5507202148438
LS,1185.9814453125,800.0049285888672,1255.2788543701172,868.6394958496094
FO,2508.747615814209,986.5094413757324,2576.936553955078,1056.1999053955078
FR,2668.3450622558594,1192.2935409545898,2736.928436279297,1261.5736389160156
LK,302.6434516906738,884.9750862121582,371.84718322753906,953.5608062744141
NP,288.4561195373535,198.36842346191406,353.1425476074219,271.7272186279297
FW,2443.3177528381348,983.1879997253418,2510.5132446289062,1053.7976531982422
LR,248.33551025390625,750.9337158203125,317.52947998046875,819.4424591064453
LR,504.40092849731445,746.3475875854492,574.4003448486328,814.0675964355469
LF,1453.5274505615234,998.7535514831543,1525.0205688476562,1065.0184478759766
GX,555.2956695556641,1143.3722610473633,624.4369354248047,1211.8827514648438
GX,1528.3759994506836,1132.3159866333008,1596.8568725585938,1201.341896057129
LR,699.5465507507324,739.7597808837891,767.1428985595703,809.6675338745117
LP,155.34231567382812,819.9972686767578,222.9954071044922,889.7173919677734
LX,611.007396697998,1009.7435607910156,678.9301300048828,1079.1388549804688
FB,2578.763454437256,984.9602241516113,2648.7513580322266,1052.302719116211
GX,366.6302070617676,1146.7641983032227,436.11534118652344,1214.552848815918
SR,1014.9365158081055,736.9295692443848,1083.109962463379,806.0040893554688
MB,150.45762634277344,205.4581413269043,218.0238037109375,275.069091796875
LT,283.1374206542969,817.4206619262695,351.1100311279297,886.57421875
FR,2050.2022819519043,1206.9958953857422,2119.1988830566406,1275.1010437011719
FR,2947.6956481933594,1187.6368255615234,3018.604019165039,1253.8992462158203
OR,2137.2900428771973,710.6131439208984,2204.4378051757812,780.5174102783203
LR,989.4147262573242,805.1424255371094,1057.3411407470703,874.1807403564453
MF,23.543548583984375,208.5079574584961,89.81767272949219,279.2543716430664
FB,2184.965774536133,1203.01611328125,2253.6826171875,1271.1646575927734
F,4339.485816955566,1077.841869354248,4400.0,1155.222396850586
NM,1032.3020401000977,529.1391868591309,1101.1773376464844,597.099609375
LR,924.7989768981934,806.6889801025391,992.4826507568359,875.8451080322266
FP,2321.039825439453,1200.7079696655273,2387.266098022461,1271.3698120117188
FX,2053.7152938842773,854.6363105773926,2121.942756652832,923.2219696044922
LS,183.0870819091797,751.9355850219727,250.63742065429688,821.1729507446289
OG,1070.5989227294922,1139.6093292236328,1139.9117584228516,1207.084815979004
KL,348.05896759033203,60.56543731689453,414.8647689819336,130.53250122070312
LF,1378.0757637023926,1000.7184524536133,1447.4097290039062,1067.9975509643555
LX,225.97577667236328,616.7583885192871,292.72393798828125,686.6177368164062
LL,960.0470123291016,874.2439804077148,1029.18896484375,941.6607666015625
MP,689.0867767333984,192.37227630615234,755.8600616455078,262.16756439208984
GN,2163.287887573242,638.213493347168,2228.7125091552734,709.4280090332031
LL,726.0592231750488,942.7948112487793,794.7712249755859,1010.6019592285156
LF,534.9786148071289,1078.4549751281738,603.980339050293,1145.9249267578125
GO,800.2134857177734,1141.536506652832,868.3599853515625,1209.8112106323242
LW,564.5165367126465,678.4126243591309,630.8961791992188,748.4533538818359
LX,2.7021522521972656,758.4586334228516,70.86734008789062,826.6596221923828
MK,1266.7654876708984,1135.3911514282227,1334.8929290771484,1203.5978164672852
GA,1136.4906539916992,1136.9184532165527,1204.297508239746,1205.4264221191406
GX,1659.6569328308105,1127.8129577636719,1727.4898986816406,1196.2600402832031
LX,289.9032440185547,614.4521522521973,355.7743682861328,684.9214782714844
LX,1006.5068054199219,667.0416641235352,1071.8758850097656,738.046501159668
SB,0.042510986328125,1021.0074081420898,67.67489624023438,1089.6029968261719
LK,7.457309722900391,957.7511138916016,77.00212097167969,1024.4376831054688
WB,1413.8506546020508,1065.4182434082031,1482.697120666504,1132.7013473510742
LE,920.6913909912109,940.8841209411621,990.1532745361328,1007.5560607910156
FR,1982.5793991088867,1203.8867111206055,2050.7679443359375,1271.772346496582
ME,215.696044921875,476.9753875732422,281.13905334472656,547.6821136474609
LA,527.9342651367188,947.4943542480469,595.9006652832031,1015.5745697021484
FB,1541.3017539978027,1201.3523979187012,1609.3616180419922,1269.3176727294922
LL,1109.4021301269531,938.6228561401367,1177.2428436279297,1006.8069534301758
LW,626.9940643310547,675.338939666748,693.6867980957031,744.6745147705078
LF,410.5538024902344,1079.9077110290527,478.6750946044922,1147.7277526855469
FR,2120.2562370300293,1203.2499351501465,2189.0575103759766,1270.3938293457031
MP,86.31275939941406,207.4063262939453,153.50599670410156,276.1533966064453
GW,940.6607551574707,1203.9139518737793,1008.8531646728516,1271.6271057128906
LW,128.00344848632812,688.7629814147949,195.2266387939453,757.4197998046875
LR,770.7074432373047,739.8892555236816,838.5294036865234,807.9015350341797
OL,802.1502227783203,1006.8584060668945,869.9042510986328,1074.8213119506836
LF,401.1105766296387,1014.837574005127,468.09417724609375,1083.4671630859375
LR,439.74375915527344,745.735897064209,505.9106903076172,815.2039642333984
MM,296.5546417236328,683.7784576416016,363.3218078613281,752.6013336181641
LW,693.4582977294922,674.2892951965332,760.8416595458984,742.3871002197266
MD,240.5303192138672,546.9452896118164,304.54432678222656,618.5815734863281
MI,375.0031929016113,543.2056579589844,441.3633728027344,612.2967834472656
GT,1484.2138290405273,1063.1870765686035,1551.9047012329102,1130.7616729736328
LL,1075.9441146850586,871.1381378173828,1141.5583572387695,940.8418884277344
WX,52.02094268798828,553.8198394775391,118.50655364990234,622.5662231445312
LW,436.44515228271484,611.8553199768066,502.12137603759766,681.4437866210938
MI,809.7899017333984,1207.8355255126953,876.6415863037109,1276.1635284423828
FX,2023.7524528503418,783.7541236877441,2087.646987915039,855.2157745361328
LT,918.9550132751465,1008.2561454772949,987.9110870361328,1074.4647521972656
MA,158.36176300048828,410.9939727783203,224.56430053710938,479.9530792236328
WL,988.9113235473633,1006.5938568115234,1057.2036361694336,1073.3960723876953
LR,771.5163841247559,674.061206817627,838.6508636474609,741.9678955078125
FM,2298.325393676758,990.721851348877,2366.0628967285156,1058.0013122558594
MP,50.26998519897461,690.0444679260254,116.62716674804688,758.6979064941406
TL,1140.059986114502,1069.9048042297363,1208.1811828613281,1136.7088165283203
LL,1043.8760032653809,939.0699729919434,1110.8126678466797,1006.9034118652344
W,504.72922706604004,58.54148864746094,568.6841354370117,129.51324462890625
LX,164.5199317932129,618.0141677856445,229.43641662597656,687.8377456665039
LR,377.9107360839844,749.3326873779297,443.9160461425781,818.0037994384766
GX,1594.9615936279297,1131.091480255127,1663.0457000732422,1197.5460205078125
LG,311.0203170776367,1019.0364837646484,377.09307861328125,1087.4268188476562
MP,902.1559257507324,249.2027130126953,965.6283264160156,320.32080078125
LR,1162.3954696655273,732.6729278564453,1229.436668395996,800.0
ML,654.8994750976562,125.9359016418457,719.9409942626953,195.2468719482422
LX,45.599159240722656,623.6223297119141,112.48033905029297,690.9206390380859
LL,222.12690353393555,816.8197555541992,286.8476867675781,886.36083984375
NH,2547.7470703125,916.3769111633301,2612.790573120117,985.5682525634766
FT,1793.1980667114258,1134.4329986572266,1859.062156677246,1202.7327423095703
LE,205.44522857666016,1085.8302001953125,272.9992904663086,1152.4162902832031
GW,1076.7158813476562,1205.3662948608398,1146.1067810058594,1270.1578063964844
LP,530.7992401123047,1012.9441719055176,596.8400268554688,1080.981918334961
FR,2459.2338256835938,1197.660659790039,2526.4676208496094,1264.442611694336
FF,1208.3097953796387,1203.1640167236328,1276.4522247314453,1268.9728546142578
FW,1983.0674362182617,925.3745803833008,2050.149658203125,992.1174545288086
MD,510.5808906555176,543.2739601135254,576.0460510253906,611.5266876220703
GW,184.79292678833008,1218.3919639587402,252.4271240234375,1284.4299774169922
LT,570.1056976318359,880.0,636.1410980224609,947.588005065918
LF,1057.9456596374512,1006.7294883728027,1125.34619140625,1072.9415283203125
LP,935.4909019470215,1073.7476844787598,1002.2533569335938,1140.5870971679688
LF,465.8973083496094,1015.3891410827637,532.6163940429688,1082.260238647461
GU,633.3452377319336,1210.1366348266602,700.6494445800781,1276.4263610839844
NS,111.99440383911133,1040.0,199.5625457763672,1090.936393737793
GM,1464.2632751464844,1131.869384765625,1530.4769134521484,1199.2083358764648
OB,57.592647552490234,1217.782600402832,123.13685607910156,1285.761734008789
FP,432.4243354797363,1146.9819831848145,498.94036865234375,1213.8142700195312
SO,1330.841724395752,1134.811508178711,1398.1397247314453,1200.8258666992188
LL,822.3163871765137,874.3079833984375,888.4956359863281,941.4003601074219
LF,1348.1056060791016,1067.4099655151367,1415.3541870117188,1133.4131622314453
IX,951.6990356445312,668.6009140014648,1014.7718200683594,738.9037551879883
XN,812.4565048217773,807.0752296447754,877.38671875,875.3029937744141
MX,661.910285949707,942.5108108520508,727.6943435668945,1009.7659301757812
LF,1252.5371170043945,1001.4914131164551,1317.853874206543,1069.1751098632812
LN,1295.6671676635742,730.1294555664062,1362.1388931274414,796.578857421875
LX,748.0755577087402,606.3802947998047,812.9547119140625,674.4539031982422
LR,638.6485824584961,742.840202331543,702.3591766357422,812.1207504272461
GX,1202.8434600830078,1137.3480186462402,1268.8470916748047,1204.0492858886719
FP,442.55078506469727,1212.7274360656738,508.5273895263672,1279.43701171875
LT,344.9877052307129,1083.9315032958984,412.3770751953125,1149.2316284179688
W,4400.0,610.1646118164062,4443.409828186035,711.5144653320312
LL,601.0268325805664,945.7648086547852,665.8662490844727,1013.5074157714844
WI,696.912166595459,876.2458953857422,761.4045715332031,944.3265075683594
LK,107.95551300048828,620.7234649658203,171.8874053955078,689.3660736083984
GA,464.8103485107422,812.4954032897949,528.1030426025391,881.7427368164062
FA,760.5626564025879,874.7529983520508,825.7916717529297,941.8768615722656
LX,1005.9702644348145,1140.369529724121,1072.2698059082031,1206.375846862793
LL,856.5571174621582,941.7465591430664,922.1944274902344,1008.2866821289062
FU,508.18544006347656,1211.9290084838867,574.0358505249023,1278.1831359863281
LF,1316.6815643310547,1002.3748931884766,1381.2317962646484,1069.8699340820312
NL,792.8950500488281,941.8309288024902,858.5299682617188,1008.1553649902344
LE,76.84878540039062,1087.8935928344727,145.2359161376953,1151.5067672729492
LL,1016.0180625915527,871.5722503662109,1079.2663269042969,940.1965179443359
LF,602.7343978881836,1076.9264640808105,666.6991958618164,1144.6827697753906
TH,1056.2963180541992,804.7972869873047,1119.6478881835938,873.2092742919922
TW,1869.8403873443604,993.022533416748,1930.628303527832,1064.2725372314453
OA,495.9506721496582,1145.8347625732422,560.692626953125,1212.731590270996
ML,88.93217468261719,480.0655059814453,150.306884765625,550.5141754150391
LF,1189.7949981689453,1003.3265151977539,1254.8521118164062,1069.7567520141602
LK,678.6842384338379,1009.5144195556641,744.6131134033203,1074.6299896240234
LL,1258.9364166259766,960.0,1357.556167602539,1003.5041275024414
M,500.60176849365234,400.9306335449219,559.6809387207031,473.52782440185547
TF,361.4349136352539,818.2302474975586,425.86988067626953,884.7124862670898
LX,498.7404899597168,611.858715057373,562.1680755615234,679.3589782714844
PT,143.05814361572266,1087.5122680664062,208.75296020507812,1152.626220703125
ON,1029.0229263305664,1071.4990730285645,1095.490234375,1135.6935729980469
LT,741.1385498046875,1008.6752243041992,805.6488494873047,1074.197120666504
LR,315.54815673828125,751.1980171203613,377.8533935546875,819.0236663818359
LP,901.0014724731445,738.056037902832,962.2243118286133,807.0400390625
SI,0.5584030151367188,1150.0028381347656,64.4272232055664,1216.0183486938477
FR,2135.1571502685547,924.2462425231934,2197.457794189453,991.6981658935547
MR,920.8732299804688,462.6032028198242,979.7929077148438,533.8182983398438
GW,1016.2922668457031,1205.7971496582031,1079.6781921386719,1271.3494186401367
SW,572.7019729614258,1209.21821975708,636.7793197631836,1273.9114227294922
GX,118.71199798583984,1152.412784576416,183.8504409790039,1215.991958618164
OE,636.2350006103516,880.5362777709961,700.1819458007812,945.1474227905273
LF,281.0812568664551,1086.0499572753906,345.7310333251953,1149.8348693847656
LM,419.23379135131836,881.7603454589844,480.02894592285156,949.4815521240234
GX,312.5575408935547,1148.119556427002,374.30043029785156,1214.7398223876953
FX,1405.8731994628906,1134.1633110046387,1468.3504333496094,1199.9218292236328
FB,2027.913330078125,643.6938018798828,2087.0944290161133,712.8259124755859
MR,322.7106742858887,545.8073272705078,381.5129051208496,615.2391510009766
LL,1138.9306335449219,1003.5805587768555,1198.7723083496094,1071.577995300293
LP,679.4719543457031,810.5938568115234,739.4379119873047,878.1788482666016
LP,36.57020568847656,824.0301055908203,96.240478515625,891.6488342285156
F,0.0,142.3339614868164,57.78028106689453,212.09439086914062
MZ,457.4563446044922,544.3345718383789,515.8250885009766,613.2689514160156
LN,111.65714073181152,889.5804252624512,171.63689422607422,956.0860290527344
GX,1148.2531623840332,1205.059196472168,1210.9932098388672,1268.591049194336
FA,393.4279251098633,130.80906677246094,449.81890869140625,200.47581481933594
GW,0.6528415679931641,1217.0764923095703,60.83769226074219,1282.341941833496
LT,367.37694549560547,883.8180389404297,425.13118743896484,951.7214202880859
FS,1900.771224975586,1064.8961601257324,1959.7223663330078,1131.370849609375
F,258.8050537109375,1148.6705055236816,318.3812255859375,1213.8841552734375
NM,160.44663619995117,132.12224578857422,214.08205032348633,203.75214385986328
LW,241.01047897338867,685.6407279968262,298.2953758239746,751.9487152099609
OF,250.56230926513672,270.0897216796875,304.6492004394531,340.1488342285156
NZ,868.4575958251953,1008.5117340087891,926.1104583740234,1073.3263854980469
F,506.1668243408203,264.5585403442383,560.0,333.9669876098633
MW,887.3885650634766,1208.7338180541992,946.6439361572266,1271.3749084472656
L,966.9007453918457,739.2628021240234,1021.3574104309082,806.6487503051758
LX,835.1580467224121,671.3085708618164,887.8351440429688,740.5051956176758
LT,835.4794235229492,1072.5782165527344,891.7054595947266,1137.376480102539
LL,994.7202911376953,939.0976448059082,1048.6352081298828,1005.8470764160156
LI,884.5474853515625,1072.8315734863281,939.3934173583984,1138.3061065673828
L,422.4492645263672,814.3949661254883,475.52491760253906,881.8475112915039
OX,67.53094482421875,1151.4006156921387,124.59938049316406,1214.1185913085938
LS,80.6923656463623,172.63961029052734,135.39911651611328,237.64263916015625
FR,136.34433364868164,1216.6755447387695,193.64260864257812,1278.728256225586
F,201.56832122802734,1019.2592926025391,252.51689910888672,1087.372314453125
LN,65.00375366210938,1022.2609901428223,116.87435913085938,1089.1385192871094
LX,630.7833938598633,610.2048568725586,682.8491592407227,676.6859512329102
W,0.24588584899902344,692.2678871154785,50.65727233886719,760.8502197265625
L,491.26318359375,1079.179298400879,540.6892852783203,1144.761085510254
LG,1094.2883682250977,1072.4786071777344,1147.0088729858398,1133.6132888793945
PA,562.4884033203125,197.74600982666016,610.453857421875,262.90479278564453
FA,24.93824005126953,276.06919860839844,95.64358520507812,320.0
MA,957.3477935791016,1141.7471351623535,1007.7454376220703,1202.624267578125
M,118.1689224243164,137.3389434814453,160.0,208.5895538330078
F,273.8917465209961,1213.3104629516602,320.0,1275.7716674804688
F,278.79571533203125,126.69580841064453,319.78375244140625,195.0745620727539
